num_mission;CO2eq_kg;distance_km;year;statut;agent;destination;mode;motif;days
5910;1650,6;10880,6;2019;permanents;112;Afrique;plane;inconnu;24
5975;119,2;552,9;2019;permanents;294;France;car;inconnu;1
6006;2,6;1111,9;2019;externes;249;France;train;autres;14
6007;222,2;1030,8;2019;permanents;290;Europe;car;autres;19
6010;442,3;2364,2;2019;externes;155;Europe;plane;autres;19
6011;1616,9;10658,6;2019;externes;383;Afrique;plane;etude_terrain;24
6013;262,6;1217,9;2019;permanents;317;France;car;inconnu;5
6015;336,7;1304;2019;externes;11;France;plane;inconnu;4
6016;352,6;1365,6;2019;externes;338;France;plane;inconnu;3
6017;606,5;3241,5;2019;externes;48;Europe;plane;inconnu;5
6018;306,2;1185,8;2019;externes;259;France;plane;inconnu;5
6020;119,8;555,7;2019;externes;369;France;car;inconnu;1
6024;2,6;1124,2;2019;permanents;79;France;train;colloques;4
6026;1,2;508,6;2019;doc_postdoc;288;France;train;etude_terrain;2
6027;63,2;292,9;2019;doc_postdoc;282;France;car;etude_terrain;37
6028;234,7;908,9;2019;externes;101;France;plane;colloques;2
6029;126;584,4;2019;permanents;135;France;car;colloques;5
6031;3,2;1410,7;2019;permanents;62;France;train;inconnu;7
6033;484,1;1874,9;2019;permanents;336;Europe;plane;inconnu;12
6034;64,7;1438,1;2019;doc_postdoc;144;France;car;inconnu;15
6035;95,7;1581,9;2019;permanents;336;France;car;inconnu;15
6037;446,4;2386;2019;permanents;294;Europe;plane;inconnu;7
6038;539,9;2885,4;2019;permanents;294;Europe;plane;inconnu;4
6039;1,2;508,6;2019;externes;326;France;train;inconnu;1
6040;286;1326,7;2019;Associés/autres;152;France;car;inconnu;3
6041;1,2;501,2;2019;permanents;57;France;train;inconnu;1
6042;62,4;289,6;2019;permanents;57;France;car;inconnu;1
6046;325,7;2467,4;2019;Associés/autres;152;France;plane;inconnu;9
6047;406,5;1574,4;2019;externes;34;France;plane;colloques;2
6048;3,2;1410,7;2019;permanents;317;France;train;inconnu;2
6049;108,2;501,8;2019;externes;58;France;car;inconnu;1
6050;291,8;1130,2;2019;permanents;317;Europe;plane;inconnu;3
6051;291;1126,9;2019;externes;122;France;plane;colloques;3
6052;352,6;1365,6;2019;externes;26;France;plane;inconnu;4
6056;352,6;1365,6;2019;permanents;238;France;plane;colloques;1
6057;352,6;1365,6;2019;permanents;216;France;plane;colloques;1
6058;249,3;1156,1;2019;doc_postdoc;77;Europe;car;inconnu;13
6059;1,7;750,3;2019;externes;200;France;train;colloques;3
6061;352,6;1365,6;2019;permanents;169;France;plane;inconnu;1
6062;94,8;439,7;2019;externes;327;France;car;autres;2
6063;0;0;2019;externes;327;France;car;autres;1
6065;78,7;365,2;2019;permanents;277;France;car;inconnu;3
6066;78,7;365,2;2019;permanents;100;France;car;inconnu;3
6070;2804;18484,1;2019;permanents;79;Amériques;plane;etude_terrain;79
6071;1,1;484,7;2019;permanents;57;France;train;colloques;2
6072;63,5;294,4;2019;permanents;181;France;car;etude_terrain;1
6073;84;389,4;2019;Associés/autres;205;France;car;etude_terrain;27
6074;1328;1356,4;2019;permanents;336;France;ferry;etude_terrain;17
6075;1167,9;6242,1;2019;Associés/autres;47;Afrique;plane;etude_terrain;25
6076;124,9;579,4;2019;permanents;100;France;car;inconnu;1
6077;501,3;1941,7;2019;permanents;336;Europe;plane;inconnu;6
6078;388,2;2074,6;2019;permanents;336;Europe;plane;inconnu;4
6079;784,3;3819,7;2019;permanents;336;Europe;plane;inconnu;5
6081;17,2;1072,5;2019;doc_postdoc;144;Europe;train;inconnu;5
6082;78,7;365,2;2019;externes;318;France;car;inconnu;5
6083;3,2;1410,7;2019;permanents;234;France;train;inconnu;3
6085;1,7;738,5;2019;externes;391;France;train;inconnu;1
6086;3,2;1377,9;2019;externes;397;France;train;inconnu;2
6087;299;1158;2019;permanents;126;Europe;plane;etude_terrain;17
6089;1,4;619,7;2019;permanents;57;France;train;colloques;5
6091;352,6;1365,6;2019;permanents;238;France;plane;inconnu;1
6092;74,3;344,7;2019;permanents;79;France;car;etude_terrain;1
6093;214,2;829,4;2019;externes;204;France;plane;colloques;2
6095;211,4;818,9;2019;externes;355;France;plane;colloques;3
6096;2662,3;17549,6;2019;externes;345;Afrique;plane;etude_terrain;19
6097;1264,7;6759,7;2019;Associés/autres;214;Proche-Orient;plane;inconnu;8
6098;2515,8;16584,1;2019;doc_postdoc;67;Afrique;plane;etude_terrain;83
6099;3,2;1410,7;2019;permanents;62;France;train;inconnu;3
6100;85,2;395,1;2019;permanents;291;France;car;inconnu;1
6101;42,6;197,6;2019;permanents;62;France;car;inconnu;1
6102;163,9;760,3;2019;Associés/autres;152;France;car;inconnu;3
6103;446,4;2386;2019;permanents;294;Europe;plane;inconnu;11
6104;50,9;236,1;2019;permanents;100;France;car;inconnu;1
6105;109,8;509,2;2019;externes;237;France;car;colloques;1
6106;1;439,3;2019;externes;370;France;train;colloques;2
6107;315,3;1221,1;2019;externes;358;Europe;plane;colloques;2
6108;3,5;1516,8;2019;externes;210;Europe;train;colloques;3
6109;31,3;145,3;2019;doc_postdoc;222;France;car;etude_terrain;1
6110;3,2;1410,7;2019;doc_postdoc;144;France;train;inconnu;3
6111;352,6;1365,6;2019;permanents;319;France;plane;autres;3
6112;96,9;375,3;2019;externes;333;France;plane;colloques;3
6114;327,9;1520,8;2019;permanents;213;France;car;colloques;2
6117;181;839,4;2019;externes;146;France;car;colloques;2
6118;3,3;1422,9;2019;externes;46;France;train;colloques;2
6119;1,2;508,6;2019;permanents;100;France;train;inconnu;1
6120;1,2;508,6;2019;externes;318;France;train;inconnu;3
6121;359,3;1666,6;2019;doc_postdoc;77;Europe;car;inconnu;17
6122;189,7;879,8;2019;permanents;291;France;car;inconnu;1
6124;125,2;580,9;2019;externes;248;France;car;colloques;3
6125;312,6;1210,5;2019;Associés/autres;152;France;plane;inconnu;4
6126;271,3;1258,5;2019;permanents;126;Europe;car;etude_terrain;12
6127;271,3;1258,5;2019;externes;323;Europe;car;etude_terrain;12
6128;267,3;1035,1;2019;externes;150;France;plane;autres;21
6129;1948,1;12841,7;2019;externes;15;Amériques;plane;colloques;7
6132;96,5;447,5;2019;permanents;291;France;car;inconnu;3
6133;48,2;223,8;2019;permanents;62;France;car;inconnu;3
6134;1,1;470;2019;permanents;317;France;train;inconnu;1
6135;63,5;294,4;2019;permanents;181;France;car;etude_terrain;1
6136;59;273,9;2019;permanents;100;France;car;inconnu;1
6137;235,9;1094;2019;externes;125;France;car;colloques;2
6139;429,2;1662,3;2019;permanents;216;France;plane;colloques;4
6140;59;273,9;2019;permanents;291;France;car;inconnu;1
6141;1087,1;5810,4;2019;permanents;317;Europe;plane;inconnu;11
6142;1550,7;10222,2;2019;Associés/autres;18;Afrique;plane;inconnu;18
6143;1691,4;11149,6;2019;externes;328;Afrique;plane;inconnu;11
6144;1627,4;10727,8;2019;Associés/autres;110;Afrique;plane;inconnu;26
6146;377,4;1461,5;2019;doc_postdoc;144;France;plane;colloques;5
6147;543,9;2106,4;2019;permanents;336;Europe;plane;inconnu;14
6151;105,9;491,3;2019;permanents;100;France;car;inconnu;14
6152;186,7;866,1;2019;Associés/autres;152;France;car;inconnu;14
6153;109,8;509,5;2019;doc_postdoc;178;France;car;inconnu;9
6154;1,6;699,1;2019;doc_postdoc;178;France;train;inconnu;4
6157;270,4;1254,1;2019;permanents;166;France;car;colloques;4
6158;63,7;295,3;2019;permanents;166;France;car;colloques;4
6160;1177,4;6292,7;2019;permanents;186;Afrique;plane;etude_terrain;22
6161;320,8;1488,1;2019;permanents;121;Europe;car;etude_terrain;21
6162;476,2;1844,2;2019;externes;123;France;plane;etude_terrain;5
6163;1449,8;9185,9;2019;permanents;105;Afrique;plane;colloques;21
6164;456,9;1769,4;2019;permanents;135;Europe;plane;colloques;6
6166;87,6;406,4;2019;Associés/autres;78;France;car;etude_terrain;3
6167;175,2;812,8;2019;permanents;216;France;car;etude_terrain;3
6168;130,8;606,8;2019;permanents;57;France;car;autres;1
6169;141,1;654,3;2019;Associés/autres;199;France;car;colloques;3
6173;390,4;1512;2019;permanents;297;Europe;plane;colloques;4
6175;105,4;488,8;2019;permanents;316;France;car;etude_terrain;2
6176;133,1;617,1;2019;Associés/autres;205;France;car;etude_terrain;7
6178;53,1;246,5;2019;doc_postdoc;178;France;car;inconnu;1
6179;1085,8;5803,6;2019;permanents;79;Europe;plane;etude_terrain;10
6180;118,8;550,9;2019;externes;284;France;car;autres;1
6181;291;1126,9;2019;externes;354;France;plane;inconnu;3
6182;279,8;1083,8;2019;doc_postdoc;331;France;plane;inconnu;3
6183;302,6;1403,6;2019;Associés/autres;175;France;car;autres;2
6184;202;936,8;2019;doc_postdoc;77;Europe;car;inconnu;13
6187;141,1;654,3;2019;Associés/autres;13;France;car;colloques;4
6188;442,3;2364,2;2019;externes;155;Europe;plane;autres;27
6189;306,6;1421,9;2019;permanents;290;Europe;car;autres;27
6190;124,9;579,4;2019;permanents;100;France;car;inconnu;1
6191;382;1479,6;2019;externes;65;France;plane;inconnu;4
6192;1627,4;10727,8;2019;externes;160;Afrique;plane;inconnu;6
6193;3,2;1410,7;2019;Associés/autres;382;France;train;inconnu;4
6194;3,5;1531,8;2019;externes;322;France;train;inconnu;1
6195;3,5;1531,8;2019;externes;322;France;train;inconnu;3
6196;403,2;1561,5;2019;externes;99;France;plane;inconnu;4
6197;3,7;1629,6;2019;externes;402;France;train;inconnu;5
6198;3,6;1585,1;2019;externes;389;France;train;inconnu;2
6199;63,5;294,4;2019;permanents;181;France;car;etude_terrain;1
6200;18,6;1161,6;2019;permanents;126;Europe;train;etude_terrain;15
6201;4,2;1839,5;2019;permanents;131;France;train;colloques;4
6202;575,5;3075,7;2019;permanents;83;Europe;plane;colloques;14
6203;139,8;648,4;2019;externes;241;France;car;etude_terrain;4
6204;115,2;534,5;2019;externes;215;Europe;car;etude_terrain;2
6205;1,4;603,9;2019;permanents;57;France;train;colloques;5
6206;1,7;738,5;2019;externes;396;France;train;inconnu;2
6210;1,5;650,5;2019;externes;302;Europe;train;inconnu;1
6212;2,8;1196,7;2019;externes;387;France;train;inconnu;4
6213;449,4;2084,5;2019;externes;305;France;car;etude_terrain;1
6214;16,2;75,3;2019;permanents;219;France;car;etude_terrain;1
6215;128,8;597,6;2019;permanents;238;France;car;etude_terrain;8
6216;358,3;1387,6;2019;permanents;238;Europe;plane;colloques;4
6217;3,2;1410,7;2019;permanents;238;France;train;autres;2
6218;99,9;463,4;2019;permanents;57;France;car;colloques;3
6219;421,3;2251,7;2019;Associés/autres;171;Europe;plane;colloques;5
6220;3,6;1564,4;2019;doc_postdoc;144;France;train;colloques;4
6221;102,6;475,9;2019;externes;370;France;car;inconnu;1
6222;234,4;1087,2;2019;permanents;72;France;car;autres;20
6223;234,4;1087,2;2019;externes;195;Europe;car;autres;32
6224;73,6;341,5;2019;externes;374;France;car;etude_terrain;4
6225;284,5;1102;2019;externes;99;France;plane;autres;2
6226;161,5;748,9;2019;externes;81;Europe;car;autres;3
6227;1,7;750,3;2019;externes;45;France;train;autres;3
6228;53;245,6;2019;doc_postdoc;218;France;car;inconnu;3
6232;1,2;501,2;2019;permanents;57;France;train;inconnu;1
6233;378,9;2025,3;2019;externes;15;France;plane;inconnu;1
6234;168,8;653,8;2019;externes;15;France;plane;inconnu;1
6235;399,7;1548;2019;externes;402;France;plane;inconnu;1
6236;33,6;923,1;2019;externes;384;France;bus;inconnu;3
6237;164,1;635,7;2019;permanents;100;France;plane;inconnu;3
6238;82,3;381,7;2019;Associés/autres;152;France;car;inconnu;2
6240;1,3;565,4;2019;externes;321;France;train;inconnu;5
6241;1,8;767,1;2019;externes;398;France;train;inconnu;5
6243;51,6;239,3;2019;doc_postdoc;218;France;car;inconnu;1
6246;570,2;3047,7;2019;permanents;336;Europe;plane;inconnu;7
6247;47,8;221,9;2019;externes;386;France;car;inconnu;3
6248;154,4;597,9;2019;externes;73;France;plane;inconnu;4
6249;6,7;418,2;2019;externes;392;France;train;inconnu;3
6250;90,6;420,3;2019;externes;212;France;car;inconnu;3
6252;383,8;1486,3;2019;externes;406;France;plane;inconnu;5
6253;286,9;1111,3;2019;externes;341;France;plane;inconnu;4
6254;96,8;448,8;2019;externes;380;France;car;inconnu;2
6255;1,3;569;2019;permanents;57;France;train;colloques;4
6256;291,5;1129;2019;externes;395;Europe;plane;inconnu;3
6257;3,1;1354,6;2019;permanents;316;France;train;etude_terrain;3
6258;3,8;1662,3;2019;externes;161;France;train;inconnu;3
6259;3,2;1410,7;2019;externes;371;France;train;colloques;6
6260;17,6;81,4;2019;permanents;293;France;car;etude_terrain;20
6262;27,5;755,1;2019;Associés/autres;56;France;bus;etude_terrain;5
6263;103,1;478;2019;doc_postdoc;288;France;car;etude_terrain;2
6266;5,2;2279,7;2019;permanents;100;France;train;inconnu;3
6267;1,9;823,2;2019;externes;52;France;train;inconnu;1
6268;31,3;145,3;2019;doc_postdoc;222;France;car;colloques;1
6269;70,6;327,7;2019;permanents;131;France;car;colloques;1
6271;446,9;2388,6;2019;Associés/autres;107;Europe;plane;colloques;5
6274;3,2;1410,7;2019;permanents;62;France;train;inconnu;3
6275;27,6;128,1;2019;externes;402;France;car;inconnu;1
6276;27,6;128,1;2019;externes;402;France;car;inconnu;5
6278;52,1;241,4;2019;permanents;291;France;car;inconnu;1
6279;130,1;603,5;2019;permanents;154;France;car;autres;1
6282;80,8;375;2019;permanents;336;France;car;etude_terrain;3
6283;327,9;1520,8;2019;permanents;213;France;car;autres;1
6285;1,1;473,4;2019;doc_postdoc;178;France;train;inconnu;2
6286;68,9;319,7;2019;permanents;100;France;car;inconnu;1
6287;220,7;1023,8;2019;permanents;166;France;car;etude_terrain;12
6288;5,9;326,1;2019;doc_postdoc;141;France;train;colloques;6
6289;249,3;1156,2;2019;permanents;276;France;car;etude_terrain;6
6292;63,5;294,4;2019;permanents;181;France;car;etude_terrain;1
6293;62,2;288,3;2019;permanents;349;France;car;autres;1
6294;492,4;2631,9;2019;permanents;336;Europe;plane;inconnu;5
6295;484,1;1874,9;2019;permanents;336;Europe;plane;inconnu;6
6296;103,4;479,6;2019;externes;379;France;car;inconnu;3
6297;281,5;1305,5;2019;externes;405;France;car;inconnu;3
6298;283,9;1316,7;2019;permanents;291;France;car;etude_terrain;3
6299;101,8;472,1;2019;permanents;57;France;car;inconnu;4
6300;150;695,6;2019;permanents;57;France;car;etude_terrain;13
6301;92,8;430,5;2019;externes;258;France;car;etude_terrain;12
6302;29,2;801,9;2019;externes;390;France;bus;inconnu;2
6303;3,3;1425,6;2019;externes;401;France;train;inconnu;2
6305;70,1;325,1;2019;permanents;367;France;car;inconnu;3
6307;153,9;713,8;2019;permanents;234;France;car;inconnu;6
6308;3744,5;23352,2;2019;Associés/autres;127;Afrique;plane;etude_terrain;75
6309;358,3;1387,6;2019;doc_postdoc;144;Europe;plane;inconnu;6
6311;63,2;292,9;2019;doc_postdoc;282;France;car;etude_terrain;15
6312;73,2;339,7;2019;permanents;131;France;car;etude_terrain;21
6313;299;1158;2019;permanents;126;Europe;plane;etude_terrain;20
6314;185,8;861,9;2019;doc_postdoc;178;France;car;inconnu;5
6315;2;111,6;2019;permanents;62;France;train;inconnu;1
6321;1262,2;6746,4;2019;permanents;209;Proche-Orient;plane;etude_terrain;8
6322;241,9;1122,1;2019;permanents;291;France;car;inconnu;3
6323;2922,4;19264,1;2019;permanents;191;Asie;plane;colloques;10
6324;21,1;97,7;2019;permanents;62;France;car;inconnu;1
6325;2922,4;19264,1;2019;Associés/autres;47;Asie;plane;colloques;10
6326;42,1;195,4;2019;permanents;291;France;car;inconnu;1
6327;2,4;1027,8;2019;doc_postdoc;2;France;train;etude_terrain;4
6329;485,8;1881,5;2019;doc_postdoc;144;Europe;plane;autres;3
6330;484,1;1874,9;2019;permanents;336;Europe;plane;inconnu;16
6331;452,4;1752;2019;doc_postdoc;77;Europe;plane;colloques;4
6332;395,1;2111,6;2019;permanents;62;Europe;plane;colloques;4
6333;128,8;597,6;2019;doc_postdoc;288;France;car;etude_terrain;7
6336;23,9;1494,2;2019;permanents;57;Europe;train;inconnu;3
6337;2804;18484,1;2019;permanents;79;Amériques;plane;etude_terrain;65
6338;77,3;358,3;2019;permanents;349;France;car;etude_terrain;1
6340;358,3;1387,6;2019;permanents;336;Europe;plane;etude_terrain;16
6341;87,6;406,3;2019;permanents;191;France;car;etude_terrain;1
6344;1167,9;6242,1;2019;Associés/autres;47;Afrique;plane;etude_terrain;36
6345;1627,4;10727,8;2019;externes;160;Afrique;plane;colloques;7
6348;1125;4975;2019;externes;244;Europe;plane;inconnu;11
6349;352,6;1365,6;2019;permanents;100;France;plane;inconnu;2
6350;59,4;275,5;2019;doc_postdoc;9;France;car;etude_terrain;16
6351;70,6;327,7;2019;permanents;131;France;car;etude_terrain;1
6352;3,2;1410,7;2019;externes;368;France;train;inconnu;5
6353;9,7;607,7;2019;externes;357;France;train;colloques;2
6354;9,7;607,7;2019;permanents;238;Europe;train;colloques;5
6357;64,5;1772,6;2019;Associés/autres;205;France;bus;colloques;5
6359;22,2;1387,4;2019;externes;224;Europe;train;inconnu;4
6360;1,1;470;2019;externes;285;France;train;inconnu;2
6361;1,1;470;2019;externes;109;France;train;inconnu;2
6365;3;168,7;2019;Associés/autres;152;France;train;inconnu;1
6366;476,3;2545,4;2019;permanents;126;Europe;plane;colloques;6
6368;1146,9;7560,2;2019;externes;292;Amériques;plane;inconnu;3
6369;55,8;259;2019;Associés/autres;346;France;car;etude_terrain;4
6370;715;3821,5;2019;externes;113;Afrique;plane;inconnu;3
6371;3,1;1345,5;2019;doc_postdoc;85;France;train;etude_terrain;3
6373;310,5;1440,2;2019;externes;274;France;car;colloques;3
6374;2,7;1165,8;2019;externes;73;France;train;inconnu;1
6375;429,2;1662,3;2019;externes;403;France;plane;inconnu;2
6376;3,2;1410,7;2019;permanents;62;France;train;inconnu;2
6377;141,9;658,4;2019;externes;279;France;car;inconnu;3
6378;90,5;419,7;2019;permanents;100;France;car;inconnu;3
6379;382,4;1773,6;2019;permanents;291;France;car;inconnu;5
6380;1,4;598,4;2019;externes;82;France;train;colloques;3
6382;3,2;1410,7;2019;Associés/autres;107;France;train;colloques;5
6385;3,1;1344,7;2019;externes;73;France;train;inconnu;6
6387;443,1;2055,2;2019;Associés/autres;13;France;car;colloques;4
6388;3,2;1410,7;2019;Associés/autres;13;France;train;colloques;5
6389;1,1;470;2019;Associés/autres;13;France;train;colloques;3
6390;53,5;248;2019;externes;102;France;car;inconnu;1
6391;378,9;2025,3;2019;externes;15;France;plane;inconnu;1
6392;11,7;730,5;2019;externes;302;Europe;train;inconnu;1
6393;62;287,4;2019;externes;302;Europe;car;inconnu;5
6394;569,3;3042,8;2019;permanents;316;Europe;plane;etude_terrain;5
6395;105,9;491,3;2019;permanents;100;France;car;inconnu;1
6396;179,8;696,4;2019;permanents;216;Europe;plane;colloques;5
6400;31,3;145,3;2019;doc_postdoc;222;France;car;etude_terrain;1
6401;31,3;145,3;2019;doc_postdoc;222;France;car;etude_terrain;1
6402;9,7;607,7;2019;Associés/autres;78;Europe;train;colloques;5
6403;31,3;145,3;2019;permanents;187;France;car;etude_terrain;1
6404;31,3;145,3;2019;permanents;187;France;car;etude_terrain;1
6405;352,6;1365,6;2019;permanents;227;France;plane;inconnu;3
6409;287,3;1112,6;2019;externes;150;Afrique;plane;colloques;6
6410;715;3821,5;2019;externes;150;Afrique;plane;colloques;5
6412;3382,9;19728,7;2019;permanents;317;Amériques;plane;inconnu;44
6413;35,1;162,6;2019;permanents;187;France;car;autres;1
6414;84;389,4;2019;Associés/autres;205;France;car;autres;23
6415;571,9;3056,5;2019;Associés/autres;205;Europe;plane;colloques;6
6417;84;389,4;2019;doc_postdoc;288;France;car;etude_terrain;12
6419;1,8;97,8;2019;externes;39;France;train;colloques;3
6420;223,1;1034,8;2019;permanents;336;Europe;car;autres;4
6421;399,7;1548;2019;externes;402;France;plane;inconnu;1
6422;439,7;2350;2019;permanents;126;Europe;plane;colloques;6
6423;439,7;2350;2019;externes;323;Europe;plane;colloques;6
6424;73,2;339,7;2019;permanents;131;France;car;etude_terrain;1
6425;73,2;339,7;2019;permanents;131;France;car;etude_terrain;1
6426;73,2;339,7;2019;permanents;131;France;car;etude_terrain;1
6427;73,2;339,7;2019;permanents;131;France;car;etude_terrain;1
6428;3,3;1417,3;2019;permanents;169;France;train;etude_terrain;4
6430;291;1126,9;2019;externes;51;France;plane;colloques;2
6431;1;415,8;2019;externes;372;France;train;colloques;1
6432;9,7;607,7;2019;permanents;337;Europe;train;colloques;4
6433;265,6;1231,7;2019;externes;143;France;car;inconnu;3
6434;179,2;831;2019;permanents;181;France;car;etude_terrain;4
6435;246,7;1144,3;2019;doc_postdoc;178;France;car;inconnu;4
6436;59,4;275,5;2019;doc_postdoc;9;France;car;etude_terrain;33
6437;281;1303,3;2019;externes;42;France;car;inconnu;5
6438;42,6;197,6;2019;permanents;62;France;car;colloques;3
6439;153,9;713,8;2019;permanents;234;France;car;inconnu;4
6440;42,6;197,6;2019;permanents;367;France;car;colloques;4
6441;18,6;1162,7;2019;Associés/autres;193;Europe;train;colloques;6
6444;137,6;638,2;2019;permanents;112;France;car;colloques;8
6445;479,2;1856;2019;permanents;336;Europe;plane;inconnu;10
6448;63,5;294,4;2019;permanents;181;France;car;etude_terrain;8
6449;9,7;607,7;2019;Associés/autres;124;Europe;train;colloques;5
6452;54,9;254,6;2019;doc_postdoc;176;France;car;colloques;6
6454;213,2;825,6;2019;permanents;186;France;plane;etude_terrain;15
6455;421;2249,9;2019;externes;155;Europe;plane;etude_terrain;14
6456;3;1313,1;2019;externes;118;France;train;etude_terrain;8
6457;74,6;345,8;2019;externes;325;France;car;colloques;5
6458;384,7;2055,9;2019;externes;133;Europe;plane;autres;3
6459;198,3;920;2019;externes;215;Europe;car;colloques;1
6460;223,1;1034,8;2019;permanents;290;Europe;car;autres;19
6461;84;389,4;2019;doc_postdoc;288;France;car;etude_terrain;19
6462;18,6;1162,7;2019;Associés/autres;193;Europe;train;colloques;5
6463;3,3;1414,9;2019;externes;71;France;train;colloques;3
6464;1,2;508,6;2019;externes;189;France;train;colloques;1
6465;133,5;517,2;2019;permanents;400;France;plane;inconnu;1
6466;174,3;808,2;2019;permanents;316;France;car;etude_terrain;2
6467;79,1;366,7;2019;externes;330;France;car;etude_terrain;1
6468;79,1;366,7;2019;externes;330;France;car;etude_terrain;1
6469;247,5;1148;2019;externes;330;France;car;etude_terrain;1
6472;96,5;447,7;2019;permanents;92;France;car;etude_terrain;6
6473;360,2;1394,9;2019;permanents;100;France;plane;colloques;4
6474;73,2;339,7;2019;permanents;131;France;car;etude_terrain;1
6476;362,8;1683;2019;permanents;126;Europe;car;etude_terrain;7
6477;362,8;1683;2019;externes;323;Europe;car;etude_terrain;7
6478;352,6;1365,6;2019;permanents;126;France;plane;autres;3
6479;134,3;623,1;2019;doc_postdoc;144;France;car;inconnu;11
6480;421,7;1633,4;2019;externes;215;Europe;plane;etude_terrain;5
6481;363,3;1407,2;2019;permanents;336;Europe;plane;autres;4
6482;268,1;1243,4;2019;permanents;336;France;car;etude_terrain;11
6483;427,5;2285,1;2019;externes;231;Europe;plane;etude_terrain;5
6484;1,8;801,3;2019;Associés/autres;69;France;train;etude_terrain;2
6485;3,9;1709,2;2019;externes;257;France;train;etude_terrain;4
6486;353,4;1368,5;2019;externes;375;Europe;plane;etude_terrain;3
6488;306,4;1186,7;2019;doc_postdoc;28;France;plane;colloques;3
6489;3,3;1418;2019;externes;350;France;train;etude_terrain;3
6490;190;881,1;2019;doc_postdoc;77;Europe;car;etude_terrain;4
6491;515,9;2757,2;2019;permanents;112;Afrique;plane;autres;4
6493;1,4;604,1;2019;Associés/autres;56;France;train;etude_terrain;6
6495;85,2;395,1;2019;doc_postdoc;6;France;car;etude_terrain;5
6496;85,2;395,1;2019;permanents;251;France;car;etude_terrain;5
6497;97,1;450,2;2019;Associés/autres;117;France;car;etude_terrain;1
6499;125,2;580,9;2019;Associés/autres;226;France;car;autres;2
6500;292,3;1132;2019;doc_postdoc;178;France;plane;colloques;3
6501;312,6;1210,5;2019;Associés/autres;152;France;plane;inconnu;5
6504;42;194,7;2019;permanents;169;France;car;autres;1
6506;157,3;729,4;2019;doc_postdoc;282;France;car;etude_terrain;3
6507;62,4;289,6;2019;permanents;57;France;car;etude_terrain;1
6508;2697,2;17457;2019;permanents;167;Afrique;plane;etude_terrain;14
6509;17,6;482,2;2019;externes;318;France;bus;inconnu;4
6518;28,5;132,2;2019;doc_postdoc;388;France;car;etude_terrain;1
6519;57;264,3;2019;permanents;283;France;car;etude_terrain;1
7063;90,6;420,2;2022;doc_postdoc;25;France;car;etude_terrain;74
7069;0,8;244,8;2022;externes;73;France;train;inconnu;7
7071;0,9;260,3;2022;externes;404;France;train;inconnu;3
7072;1716,8;11295;2022;Associés/autres;136;Afrique;plane;inconnu;43
7075;1,6;477,8;2022;externes;404;France;train;inconnu;3
7076;0,8;247,4;2022;externes;404;France;train;inconnu;2
7077;1,6;473,4;2022;externes;404;France;train;inconnu;2
7078;1,6;473,4;2022;externes;404;France;train;inconnu;2
7079;85,4;396;2022;externes;302;France;car;inconnu;2
7082;1,6;473,4;2022;externes;404;France;train;inconnu;1
7083;61,7;286,3;2022;externes;404;France;car;inconnu;2
7085;1,7;525,4;2022;externes;393;France;train;inconnu;3
7086;2,4;716,4;2022;externes;404;France;train;inconnu;3
7110;1602,5;10542,5;2022;doc_postdoc;114;Afrique;plane;etude_terrain;30
7122;1653,9;10880,6;2022;permanents;112;Afrique;plane;inconnu;10
7124;1653,9;10880,6;2022;Associés/autres;214;Afrique;plane;inconnu;3
7125;1653,9;10880,6;2022;externes;80;Afrique;plane;inconnu;17
7126;1728;11368,2;2022;externes;232;Afrique;plane;inconnu;17
7127;1653,9;10880,6;2022;externes;223;Afrique;plane;inconnu;24
7128;1716,8;11295;2022;externes;40;Afrique;plane;inconnu;17
7129;1653,9;10880,6;2022;doc_postdoc;222;Afrique;plane;inconnu;24
7130;1538,3;10120,1;2022;doc_postdoc;331;Afrique;plane;inconnu;24
7131;1602,5;10542,5;2022;externes;363;Afrique;plane;inconnu;24
7132;41,7;193,5;2022;permanents;138;France;car;inconnu;26
7133;41,7;193,5;2022;doc_postdoc;313;France;car;inconnu;19
7134;41,7;193,5;2022;externes;262;France;car;inconnu;5
7135;1653,9;10880,6;2022;externes;261;Afrique;plane;inconnu;29
7136;1653,9;10880,6;2022;externes;221;Afrique;plane;inconnu;16
7141;183,2;849,8;2022;externes;97;Europe;car;inconnu;3
7142;1,4;413,1;2022;permanents;62;France;train;colloques;2
7144;103,9;481,7;2022;doc_postdoc;77;France;car;inconnu;7
7145;356,4;1653;2022;externes;118;France;car;etude_terrain;13
7146;183,2;849,8;2022;doc_postdoc;68;Europe;car;inconnu;2
7147;145,5;674,7;2022;externes;130;France;car;etude_terrain;11
7148;4,7;1410,7;2022;Associés/autres;4;France;train;etude_terrain;2
7149;4,7;1410,7;2022;permanents;238;France;train;autres;5
7151;0;0;2022;externes;279;France;train;inconnu;19
7152;377,5;1751;2022;permanents;100;France;car;inconnu;37
7153;2;601,8;2022;doc_postdoc;64;France;train;etude_terrain;4
7154;145,5;674,7;2022;externes;130;France;car;etude_terrain;5
7155;145,5;674,7;2022;externes;130;France;car;etude_terrain;3
7156;2;601,8;2022;permanents;62;France;train;etude_terrain;5
7157;118,8;550,9;2022;permanents;367;France;car;etude_terrain;17
7158;84;389,4;2022;doc_postdoc;298;France;car;etude_terrain;5
7160;106,4;493,6;2022;externes;34;France;car;etude_terrain;3
7161;84;389,4;2022;doc_postdoc;298;France;car;etude_terrain;13
7166;83,4;387;2022;doc_postdoc;313;France;car;autres;12
7167;83,4;387;2022;permanents;138;France;car;autres;12
7168;83,4;387;2022;externes;262;France;car;autres;5
7170;160,4;743,9;2022;externes;318;France;car;inconnu;87
7171;3,9;1196,7;2022;externes;5;France;train;inconnu;27
7173;1,6;484,7;2022;permanents;57;France;train;colloques;3
7174;2,6;789,3;2022;doc_postdoc;144;France;train;colloques;3
7177;1521,9;10012,5;2022;doc_postdoc;331;Afrique;plane;inconnu;6
7178;4,7;1410,7;2022;doc_postdoc;309;France;train;etude_terrain;6
7180;405,2;2161;2022;permanents;242;Europe;plane;inconnu;2
7181;303,1;1172,1;2022;externes;299;Europe;plane;colloques;25
7182;85,2;395,1;2022;doc_postdoc;288;France;car;etude_terrain;7
7183;334,3;1292,7;2022;Associés/autres;201;France;plane;colloques;3
7185;4;1203;2022;externes;148;France;train;inconnu;21
7186;353,1;1365,6;2022;doc_postdoc;271;France;plane;etude_terrain;18
7187;353,1;1365,6;2022;externes;245;France;plane;colloques;5
7188;145,5;674,7;2022;doc_postdoc;222;France;car;etude_terrain;6
7189;105,7;490,2;2022;permanents;238;France;car;etude_terrain;23
7193;2528,6;16635,7;2022;doc_postdoc;271;Afrique;plane;inconnu;33
7194;2278,5;14990,2;2022;permanents;242;Afrique;plane;inconnu;61
7195;72,7;337,4;2022;permanents;62;France;car;etude_terrain;7
7196;291,4;1126,9;2022;externes;299;France;plane;autres;20
7197;174;807;2022;doc_postdoc;228;France;car;colloques;11
7198;329,5;1528,2;2022;permanents;112;France;car;inconnu;26
7199;3,8;1150,3;2022;doc_postdoc;313;France;train;autres;65
7200;403,9;2154,2;2022;externes;196;Europe;plane;inconnu;3
7201;289,5;1119,6;2022;doc_postdoc;399;France;plane;colloques;13
7204;353,1;1365,6;2022;externes;33;France;plane;colloques;10
7205;211,3;980,1;2022;doc_postdoc;235;France;car;etude_terrain;20
7206;145,5;674,7;2022;externes;130;France;car;etude_terrain;20
7207;576,5;2674,1;2022;permanents;121;Europe;car;etude_terrain;12
7208;576,5;2674,1;2022;permanents;287;Europe;car;etude_terrain;11
7209;22,9;1429;2022;Associés/autres;269;Europe;train;inconnu;6
7210;4582,6;30148,9;2022;doc_postdoc;89;Asie;plane;etude_terrain;5
7212;5;1518,8;2022;externes;217;France;train;inconnu;8
7213;487,4;2260,5;2022;externes;137;Europe;car;inconnu;9
7215;119,2;552,9;2022;permanents;251;France;car;inconnu;18
7220;4,8;1440,2;2022;externes;250;France;train;inconnu;108
7224;507,7;1963,3;2022;permanents;336;Europe;plane;inconnu;36
7225;354,7;2552,7;2022;permanents;336;Europe;plane;inconnu;62
7229;76,7;355,8;2022;externes;164;France;car;colloques;18
7232;4,7;1410,7;2022;doc_postdoc;89;France;train;colloques;7
7233;140,6;651,9;2022;doc_postdoc;64;France;car;inconnu;10
7234;140,6;651,9;2022;permanents;62;France;car;inconnu;3
7235;68,9;319,4;2022;doc_postdoc;361;France;car;etude_terrain;9
7236;4,8;1447,3;2022;doc_postdoc;360;France;train;etude_terrain;4
7238;7;387,7;2022;permanents;62;France;train;etude_terrain;19
7241;1932,2;9517,6;2022;externes;195;Europe;plane;etude_terrain;54
7244;153,9;713,8;2022;permanents;131;France;car;colloques;21
7247;2,8;840,8;2022;doc_postdoc;176;France;train;colloques;11
7248;3,1;925,6;2022;doc_postdoc;178;France;train;inconnu;20
7249;424,4;2263,5;2022;permanents;314;Europe;plane;colloques;15
7250;177,1;821,4;2022;doc_postdoc;311;France;car;etude_terrain;12
7251;181;839,4;2022;Associés/autres;175;France;car;colloques;17
7253;131;607,6;2022;permanents;57;France;car;etude_terrain;23
7254;4,7;1410,7;2022;doc_postdoc;141;France;train;colloques;3
7255;41,7;193,5;2022;doc_postdoc;313;France;car;inconnu;5
7256;41,7;193,5;2022;permanents;138;France;car;inconnu;7
7257;3,3;998,9;2022;doc_postdoc;313;France;train;inconnu;14
7260;4,8;1440,2;2022;externes;250;France;train;inconnu;21
7262;123,8;574,3;2022;permanents;242;France;car;inconnu;26
7263;85,2;395,1;2022;Associés/autres;205;France;car;etude_terrain;14
7264;1223,6;6526;2022;externes;239;Proche-Orient;plane;autres;17
7265;511,3;1977,3;2022;externes;120;Europe;plane;autres;26
7267;118,4;549,3;2022;doc_postdoc;360;France;car;colloques;13
7268;237,7;1102,6;2022;permanents;131;France;car;etude_terrain;8
7269;1,6;470;2022;permanents;238;France;train;autres;6
7270;42,6;197,6;2022;permanents;169;France;car;etude_terrain;5
7272;153,9;713,8;2022;doc_postdoc;190;France;car;colloques;3
7273;2283,8;15024,8;2022;externes;37;Afrique;plane;inconnu;12
7274;3,2;970,5;2022;permanents;166;France;train;colloques;25
7275;2283,8;15024,8;2022;externes;183;Afrique;plane;inconnu;8
7276;2473,7;16274,1;2022;externes;273;Afrique;plane;inconnu;8
7279;2473,7;16274,1;2022;externes;275;Afrique;plane;inconnu;2
7280;4,4;1336,8;2022;externes;50;France;train;colloques;16
7281;429,9;1662,3;2022;externes;179;France;plane;inconnu;25
7282;324,9;1507,2;2022;doc_postdoc;28;France;car;etude_terrain;15
7286;304,7;1413,2;2022;doc_postdoc;89;France;car;etude_terrain;3
7287;304,7;1413,2;2022;doc_postdoc;288;France;car;etude_terrain;7
7288;4,7;1410,7;2022;permanents;62;France;train;inconnu;3
7289;290,2;1122;2022;permanents;57;Europe;plane;inconnu;4
7290;3,5;1061,4;2022;permanents;57;France;train;etude_terrain;15
7292;385,5;2055,9;2022;permanents;126;Europe;plane;colloques;14
7294;58,6;272;2022;permanents;238;France;car;etude_terrain;21
7295;4,7;1418;2022;externes;34;France;train;autres;6
7296;3731,3;22845,4;2022;externes;80;Afrique;plane;inconnu;105
7297;543,9;2900,8;2022;externes;32;Europe;plane;inconnu;4
7298;2457,9;16170,3;2022;doc_postdoc;351;Afrique;plane;inconnu;21
7301;125,5;582,3;2022;permanents;242;France;car;inconnu;5
7302;381,7;2035,6;2022;doc_postdoc;202;Europe;plane;autres;8
7303;59,6;276,4;2022;doc_postdoc;360;France;car;etude_terrain;3
7305;337;1562,9;2022;permanents;242;France;car;inconnu;17
7306;1602,5;10542,5;2022;externes;363;Afrique;plane;autres;10
7308;71,4;331,2;2022;doc_postdoc;361;France;car;etude_terrain;9
7309;123,7;573,9;2022;doc_postdoc;298;Europe;car;etude_terrain;21
7311;194,7;902,9;2022;permanents;100;France;car;inconnu;56
7312;105,9;491,3;2022;permanents;100;France;car;inconnu;14
7313;1007,2;4446,9;2022;permanents;336;Europe;plane;inconnu;45
7314;701,1;3456,9;2022;permanents;336;Europe;plane;inconnu;58
7315;353,1;1365,6;2022;permanents;336;France;plane;inconnu;21
7316;47;218;2022;doc_postdoc;178;France;car;inconnu;11
7317;5,6;1709,2;2022;permanents;57;France;train;colloques;11
7320;95,4;442,6;2022;permanents;238;France;car;inconnu;28
7322;375,4;1451,6;2022;permanents;57;Europe;plane;inconnu;78
7324;62,2;288,6;2022;doc_postdoc;282;France;car;etude_terrain;90
7326;2,5;767,1;2022;Associés/autres;78;France;train;inconnu;18
7328;3714,8;22736,7;2022;permanents;242;Afrique;plane;inconnu;62
7329;1,9;581,3;2022;permanents;62;France;train;inconnu;49
7330;3775,7;23137,9;2022;doc_postdoc;381;Afrique;plane;inconnu;50
7331;3731,3;22845,4;2022;doc_postdoc;271;Afrique;plane;inconnu;36
7332;84,4;391,5;2022;permanents;83;France;car;etude_terrain;54
7339;47,6;220,6;2022;permanents;238;France;car;inconnu;56
7340;76,9;356,7;2022;permanents;238;France;car;inconnu;66
7341;131;607,6;2022;permanents;57;France;car;etude_terrain;69
7343;70,6;327,7;2022;permanents;131;France;car;etude_terrain;40
7344;4,8;1448,9;2022;doc_postdoc;25;France;train;etude_terrain;58
7347;80,6;374;2022;permanents;10;France;car;etude_terrain;50
7348;1,5;444,1;2022;doc_postdoc;9;France;train;colloques;67
7349;4,8;1441,9;2022;doc_postdoc;25;France;train;etude_terrain;3
7351;332,5;1542,1;2022;permanents;219;France;car;colloques;46
7352;3,7;1124,2;2022;externes;303;France;train;autres;3
7353;1,7;510,4;2022;externes;385;France;train;autres;59
7357;1653,9;10880,6;2022;permanents;112;Afrique;plane;autres;48
7358;2,8;862,6;2022;externes;278;France;train;etude_terrain;2
7359;262,6;1217,9;2022;doc_postdoc;361;France;car;colloques;24
7361;2;604,1;2022;Associés/autres;56;France;train;etude_terrain;10
7363;450,7;2403,8;2022;Associés/autres;236;Europe;plane;colloques;5
7365;181,7;842,8;2022;permanents;100;France;car;inconnu;14
7367;2,8;840,8;2022;permanents;238;France;train;colloques;15
7372;489,4;1892,6;2022;permanents;336;Europe;plane;inconnu;14
7376;318,4;1231,4;2022;externes;299;Europe;plane;etude_terrain;46
7378;115,3;534,7;2022;permanents;277;France;car;colloques;6
7379;573,1;3056,5;2022;permanents;238;Europe;plane;colloques;36
7380;287,4;1111,3;2022;externes;341;France;plane;inconnu;3
7381;90,6;420,3;2022;externes;212;France;car;inconnu;2
7382;159,7;617,5;2022;externes;321;France;plane;inconnu;4
7384;354,2;1369,7;2022;externes;368;France;plane;inconnu;4
7387;377,9;1752,7;2022;permanents;238;France;car;inconnu;11
7388;91,9;426,2;2022;Associés/autres;198;France;car;etude_terrain;4
7391;116,1;538,4;2022;permanents;242;France;car;inconnu;13
7392;503,7;1947,9;2022;externes;59;Europe;plane;inconnu;40
7393;274,9;1275,1;2022;permanents;72;France;car;autres;15
7394;486,6;1881,5;2022;externes;162;Europe;plane;inconnu;41
7396;2,8;840,8;2022;permanents;283;France;train;colloques;4
7397;362,9;1403,2;2023;permanents;135;France;plane;colloques;5
7398;40,5;187,9;2022;externes;134;France;car;colloques;8
7399;3,9;1172,4;2022;externes;267;France;train;inconnu;42
7400;3,8;1141,8;2022;externes;230;France;train;inconnu;41
7402;240,2;1114,3;2022;permanents;291;France;car;etude_terrain;7
7403;130,6;605,9;2022;permanents;367;France;car;autres;31
7405;131,3;609;2022;permanents;314;France;car;colloques;18
7407;150;695,6;2022;permanents;57;France;car;autres;12
7408;4,7;1417,3;2022;doc_postdoc;360;France;train;colloques;3
7409;2,8;840,8;2022;permanents;367;France;train;colloques;1
7410;4,7;1414,1;2022;externes;119;France;train;inconnu;42
7413;70,2;325,5;2022;permanents;216;France;car;inconnu;2
7414;4,7;1417,3;2022;doc_postdoc;64;France;train;autres;30
7415;260,5;1208,5;2022;doc_postdoc;144;France;car;inconnu;31
7416;4,7;1417,3;2022;permanents;62;France;train;autres;24
7418;23,2;759,7;2022;permanents;103;Europe;bus;colloques;4
7419;248,7;1153,7;2022;permanents;316;France;car;inconnu;15
7421;229;1062,3;2022;externes;118;France;car;inconnu;6
7422;85,2;395,1;2022;permanents;290;France;car;autres;21
7423;1,6;470;2022;externes;229;France;train;autres;22
7424;2,9;870,3;2022;externes;157;France;train;autres;28
7425;184,9;857,8;2022;Associés/autres;185;France;car;autres;22
7426;2,2;659,4;2022;doc_postdoc;144;France;train;colloques;17
7429;6979,9;41538,5;2022;permanents;242;Afrique;plane;inconnu;65
7430;73,3;3239,1;2022;doc_postdoc;202;Europe;train;autres;3
7432;8239,2;46911,7;2022;doc_postdoc;381;Afrique;plane;inconnu;40
7433;6,9;384,8;2022;doc_postdoc;247;France;train;colloques;24
7434;4,7;1410,7;2023;externes;30;France;train;autres;2
7435;429,9;1662,3;2022;permanents;316;France;plane;colloques;21
7436;1,6;484,7;2022;permanents;57;France;train;inconnu;29
7439;4,7;1417,3;2022;permanents;216;France;train;etude_terrain;32
7440;429,9;1662,3;2023;externes;3;France;plane;colloques;2
7441;3,3;1009,9;2022;permanents;266;France;train;etude_terrain;12
7442;4,7;1417,3;2022;permanents;283;France;train;colloques;31
7443;4548,1;24861,1;2022;externes;80;Afrique;plane;inconnu;31
7444;4548,1;24861,1;2022;doc_postdoc;271;Afrique;plane;inconnu;31
7446;183,5;851,3;2022;externes;12;France;car;autres;25
7447;1,6;489,5;2022;externes;73;France;train;inconnu;52
7448;73,2;339,7;2022;permanents;131;France;car;etude_terrain;39
7449;68,9;319,4;2022;permanents;131;France;car;etude_terrain;14
7450;335,3;1296,7;2022;permanents;121;Europe;plane;etude_terrain;24
7452;2,6;774,8;2022;externes;352;France;train;colloques;21
7453;1818,8;11966,1;2023;externes;149;Amériques;plane;inconnu;12
7454;1855,4;12206,4;2023;permanents;336;Amériques;plane;inconnu;12
7455;134,9;625,6;2022;permanents;242;France;car;inconnu;49
7456;439,9;1701;2022;externes;90;Afrique;plane;etude_terrain;47
7457;543,3;2897,8;2022;externes;150;Afrique;plane;autres;22
7458;2,2;662;2022;externes;95;France;train;inconnu;24
7459;2,3;685,6;2022;externes;99;France;train;inconnu;24
7460;154,8;718,2;2022;permanents;314;France;car;autres;33
7464;2,8;840,8;2022;permanents;251;France;train;inconnu;37
7465;2,8;862,6;2022;Associés/autres;56;France;train;autres;4
7466;4,4;1338,5;2022;externes;353;France;train;inconnu;10
7467;4,4;1326,1;2022;externes;60;France;train;inconnu;26
7468;532,6;2840,6;2022;permanents;336;Europe;plane;inconnu;40
7469;237,7;1102,6;2022;Associés/autres;175;France;car;etude_terrain;41
7470;505,9;1956,3;2022;permanents;336;Europe;plane;inconnu;17
7471;1,8;97,8;2022;externes;182;France;train;colloques;21
7472;5,5;1657,7;2022;externes;34;France;train;colloques;20
7473;4,9;1471,8;2022;externes;61;France;train;colloques;14
7474;4,7;1410,7;2022;doc_postdoc;309;France;train;etude_terrain;41
7475;58,4;271,1;2022;Associés/autres;198;France;car;etude_terrain;71
7476;2;603,4;2022;externes;322;France;train;inconnu;33
7478;4,4;1339,7;2022;permanents;367;France;train;autres;33
7479;4,7;1410,7;2022;permanents;251;France;train;autres;8
7480;2,8;859,5;2022;externes;35;France;train;colloques;9
7481;156,3;724,8;2022;permanents;22;France;car;etude_terrain;4
7482;100,7;467,3;2022;doc_postdoc;263;France;car;colloques;24
7484;2,8;862,6;2022;permanents;293;France;train;colloques;33
7485;16,8;77,9;2022;permanents;83;France;car;etude_terrain;44
7488;4,7;1417,3;2022;permanents;62;France;train;inconnu;15
7489;1605,6;10563,4;2022;permanents;112;Afrique;plane;inconnu;20
7490;4,7;1410,7;2022;permanents;138;France;train;inconnu;1
7495;2,6;800,8;2022;doc_postdoc;399;France;train;colloques;14
7496;121,4;563,3;2022;Associés/autres;78;France;car;inconnu;3
7499;1,7;510,4;2022;doc_postdoc;268;France;train;colloques;9
7500;353,1;1365,6;2023;doc_postdoc;271;France;plane;etude_terrain;14
7503;3,3;998,9;2022;externes;165;France;train;etude_terrain;27
7505;4,7;1410,7;2023;permanents;238;France;train;autres;2
7506;328,3;1269,7;2022;externes;1;France;plane;colloques;13
7508;98,2;455,2;2022;externes;29;France;car;colloques;12
7509;94,7;439,2;2022;externes;38;France;car;colloques;13
7511;1646,8;10834,5;2023;externes;80;Afrique;plane;inconnu;24
7514;1653,9;10880,6;2023;externes;261;Afrique;plane;inconnu;24
7515;1602,5;10542,5;2023;doc_postdoc;114;Afrique;plane;inconnu;17
7516;1653,9;10880,6;2023;externes;221;Afrique;plane;inconnu;17
7517;1564,8;10294,6;2023;externes;363;Afrique;plane;inconnu;24
7518;1653,9;10880,6;2023;doc_postdoc;222;Afrique;plane;inconnu;24
7519;1716,8;11295;2023;Associés/autres;136;Afrique;plane;inconnu;24
7521;1716,8;11295;2023;externes;7;Afrique;plane;inconnu;17
7523;521,3;2780,3;2022;externes;104;Afrique;plane;colloques;14
7524;493,5;2631,9;2023;permanents;336;Europe;plane;inconnu;9
7525;1,6;471,3;2023;externes;147;France;train;inconnu;2
7530;452,1;1748,4;2023;Associés/autres;193;Europe;plane;inconnu;7
7531;697,6;3720,7;2023;externes;195;Europe;plane;autres;27
7532;64,2;298;2023;permanents;290;France;car;autres;5
7533;1270,8;6777,7;2023;Associés/autres;47;Afrique;plane;etude_terrain;38
7535;1074,3;7067,8;2023;permanents;242;Afrique;plane;inconnu;10
7539;4,7;1420,2;2023;externes;197;France;train;colloques;2
7544;3,3;990,6;2023;permanents;187;France;train;inconnu;6
7545;1143,7;6629;2023;permanents;317;Europe;plane;inconnu;24
7546;1143,6;6598,6;2023;permanents;79;Europe;plane;inconnu;24
7548;108,1;501,2;2023;permanents;367;France;car;inconnu;1
7549;71,4;331,3;2023;externes;75;France;car;inconnu;1
7550;2;111,6;2023;permanents;62;France;train;etude_terrain;1
7553;2,6;774,8;2023;doc_postdoc;9;France;train;inconnu;2
7555;22,8;1426,1;2023;externes;302;Europe;train;inconnu;2
7556;113,1;524,5;2023;permanents;317;France;car;inconnu;3
7557;126;584,5;2023;permanents;100;France;car;inconnu;1
7558;4,7;1414,6;2023;permanents;336;France;train;inconnu;4
7561;218,6;1013,9;2023;permanents;100;France;car;etude_terrain;5
7562;75,5;350,3;2023;permanents;100;France;car;inconnu;2
7564;2,6;774,8;2023;externes;184;France;train;inconnu;1
7565;34,4;159,7;2023;permanents;43;France;car;inconnu;2
7566;6,3;349,9;2023;permanents;62;France;train;etude_terrain;1
7569;429;3314,6;2023;doc_postdoc;202;Europe;plane;autres;26
7570;4,7;1417,3;2023;doc_postdoc;263;France;train;colloques;4
7571;28,7;133,3;2023;permanents;100;France;car;inconnu;1
7572;381,7;2035,6;2023;permanents;297;Europe;plane;inconnu;5
7575;353,1;1365,6;2023;permanents;138;France;plane;inconnu;3
7576;95;440,7;2023;permanents;242;France;car;etude_terrain;2
7577;1,6;484,7;2023;permanents;57;France;train;colloques;3
7578;436,6;1688,2;2023;externes;96;Europe;plane;inconnu;3
7581;51,3;238;2023;doc_postdoc;178;France;car;inconnu;1
7582;5,1;1559,4;2023;doc_postdoc;67;France;train;etude_terrain;10
7583;123,7;573,9;2023;doc_postdoc;298;Europe;car;etude_terrain;28
7584;49,3;3080,6;2023;doc_postdoc;298;Afrique;train;etude_terrain;16
7585;233,3;1082,1;2023;doc_postdoc;70;France;car;inconnu;2
7586;41,6;1123,4;2023;externes;55;Europe;train;inconnu;4
7587;115,9;537,4;2023;Associés/autres;86;France;car;inconnu;3
7589;3,7;1124,2;2023;Associés/autres;205;France;train;colloques;5
7590;111;515;2023;externes;335;France;car;colloques;2
7592;5;1519,2;2023;externes;165;France;train;inconnu;7
7593;221,7;1028,3;2023;doc_postdoc;343;France;car;inconnu;4
7594;381,7;2035,6;2023;permanents;138;Europe;plane;inconnu;4
7595;150;695,6;2023;permanents;121;Europe;car;colloques;4
7597;2,1;118;2023;permanents;62;France;train;inconnu;2
7598;29,2;135,3;2023;permanents;317;France;car;inconnu;3
7599;6,7;2038,6;2023;doc_postdoc;360;France;train;etude_terrain;13
7600;16,6;448;2023;externes;115;Europe;train;inconnu;1
7601;113,2;525;2023;externes;281;France;car;inconnu;1
7602;86,9;403;2023;externes;20;France;car;inconnu;1
7603;86,9;403;2023;externes;98;France;car;inconnu;1
7604;77;357,1;2023;externes;75;France;car;inconnu;1
7605;85,2;395,1;2023;permanents;290;France;car;inconnu;13
7606;1818,7;11965,3;2023;externes;129;Amériques;plane;inconnu;12
7607;0,6;33,9;2023;permanents;234;France;train;inconnu;4
7608;3,7;1124,2;2023;permanents;10;France;train;colloques;4
7610;2528,6;16635,7;2023;doc_postdoc;271;Afrique;plane;inconnu;90
7611;27,6;127,8;2023;permanents;79;France;car;inconnu;3
7612;18,4;1148,4;2023;externes;91;Europe;train;etude_terrain;2
7614;376,3;2007,2;2023;doc_postdoc;309;Europe;plane;etude_terrain;6
7615;293,9;1363,1;2023;externes;11;France;car;inconnu;4
7616;16;2226,7;2023;permanents;317;Europe;train;inconnu;5
7617;116,2;538,8;2023;permanents;43;France;car;inconnu;1
7618;76,9;356,7;2023;permanents;216;France;car;inconnu;1
7619;5,8;1766,8;2023;externes;142;France;train;inconnu;3
7620;288;1335,9;2023;permanents;316;Europe;car;colloques;4
7622;4,7;1410,7;2023;permanents;112;France;train;inconnu;4
7623;106,8;495,4;2023;permanents;216;France;car;etude_terrain;10
7624;4,6;1386,8;2023;externes;207;France;train;inconnu;6
7625;3,8;1154,1;2023;doc_postdoc;89;France;train;etude_terrain;23
7626;214,4;994,4;2023;permanents;131;France;car;colloques;4
7627;120,3;558,1;2023;externes;366;France;car;inconnu;3
7628;117;542,6;2023;externes;329;France;car;inconnu;2
7629;9,1;971,4;2023;permanents;62;Europe;train;etude_terrain;3
7630;1178,9;6287,3;2023;permanents;186;Afrique;plane;etude_terrain;23
7631;464,9;1797,7;2023;externes;299;Afrique;plane;etude_terrain;8
7632;532,6;2840,6;2023;permanents;336;Europe;plane;inconnu;11
7633;70,1;325,1;2023;permanents;367;France;car;inconnu;1
7634;74,4;345,2;2023;externes;192;France;car;inconnu;1
7635;250,7;1162,8;2023;doc_postdoc;6;France;car;inconnu;4
7636;54;1763,3;2023;permanents;234;France;bus;inconnu;2
7637;1,6;470;2023;permanents;234;France;train;inconnu;5
7638;3,1;942,2;2023;permanents;367;France;train;colloques;3
7639;4,6;1390,8;2023;permanents;72;France;train;etude_terrain;6
7640;9,7;607,7;2023;externes;220;Europe;train;inconnu;3
7641;427,4;1652,9;2023;externes;123;Europe;plane;inconnu;4
7642;143,8;667;2023;permanents;297;France;car;inconnu;2
7643;1,7;508,6;2023;doc_postdoc;268;France;train;inconnu;2
7644;169,1;784,4;2023;externes;366;France;car;inconnu;6
7645;42,6;197,5;2023;externes;206;France;car;inconnu;2
7646;182,2;845,1;2023;externes;194;France;car;inconnu;6
7647;42,6;197,5;2023;externes;342;France;car;inconnu;6
7648;303,1;1405,7;2023;externes;310;France;car;etude_terrain;3
7649;4,7;1410,7;2023;externes;139;France;train;etude_terrain;18
7650;4,9;1488,2;2023;doc_postdoc;343;France;train;colloques;5
7651;4,7;1410,7;2023;doc_postdoc;174;France;train;etude_terrain;18
7652;461,1;1782,9;2023;permanents;126;Europe;plane;inconnu;6
7653;3,1;953;2023;doc_postdoc;289;France;train;inconnu;3
7654;35,1;162,8;2023;doc_postdoc;289;France;car;inconnu;1
7655;61,8;286,6;2023;doc_postdoc;178;France;car;inconnu;3
7656;214,4;994,4;2023;doc_postdoc;190;France;car;colloques;4
7657;237,7;1102,6;2023;permanents;131;France;car;etude_terrain;15
7658;2569,9;16907,5;2023;permanents;242;Afrique;plane;inconnu;11
7659;37,7;174,9;2023;externes;253;France;car;inconnu;6
7660;37,7;174,9;2023;externes;359;France;car;inconnu;6
7661;76,9;356,7;2023;permanents;216;France;car;etude_terrain;1
7662;1,6;470;2023;permanents;216;France;train;autres;1
7664;299,3;1157,3;2023;permanents;126;Europe;plane;inconnu;16
7666;1606,1;10566,5;2023;permanents;112;Afrique;plane;autres;9
7667;852,6;4078,1;2023;permanents;336;Europe;plane;colloques;31
7668;268,1;1243,4;2023;permanents;336;France;car;inconnu;5
7669;208,8;968,3;2023;externes;149;Europe;car;inconnu;4
7670;134,3;623,1;2023;doc_postdoc;255;France;car;inconnu;5
7671;77,9;361,2;2023;Associés/autres;116;France;car;etude_terrain;8
7672;208,8;968,3;2023;externes;76;Europe;car;inconnu;4
7673;53,9;250,2;2023;permanents;314;France;car;etude_terrain;3
7674;53,9;250,2;2023;permanents;277;France;car;etude_terrain;3
7680;535,5;2856,1;2023;Associés/autres;56;Europe;plane;colloques;5
7681;2443,6;15759,8;2023;permanents;242;Afrique;plane;etude_terrain;13
7682;436,6;1688,2;2023;externes;159;Europe;plane;inconnu;15
7683;197;913,6;2023;externes;84;France;car;inconnu;5
7684;535,5;2856,1;2023;permanents;293;Europe;plane;colloques;4
7685;73,2;339,7;2023;permanents;131;France;car;etude_terrain;1
7686;132,9;616,4;2023;permanents;234;France;car;inconnu;2
7687;4,7;1410,7;2023;doc_postdoc;309;France;train;colloques;6
7688;131;607,6;2023;permanents;57;France;car;etude_terrain;5
7689;5,8;322,7;2023;externes;364;France;train;etude_terrain;5
7691;173,8;806,3;2023;externes;364;France;car;etude_terrain;3
7692;2,4;133,3;2023;externes;364;France;train;etude_terrain;1
7693;15,6;72,2;2023;externes;364;France;car;etude_terrain;1
7694;3,1;169,7;2023;externes;364;France;train;etude_terrain;3
7695;5,9;325,8;2023;externes;364;France;train;etude_terrain;5
7697;381,7;2035,6;2023;permanents;297;Europe;plane;inconnu;4
7703;75,5;2041,3;2023;externes;220;Europe;train;inconnu;8
7704;675,5;2902,3;2023;permanents;126;Europe;plane;inconnu;57
7705;1310,2;8456,8;2023;externes;49;Afrique;plane;inconnu;13
7706;2,8;862,6;2023;doc_postdoc;313;France;train;colloques;9
7707;53,5;248;2023;permanents;138;France;car;inconnu;1
7709;627,4;3346;2023;doc_postdoc;89;Europe;plane;colloques;5
7710;1,7;510,4;2023;doc_postdoc;64;France;train;colloques;6
7711;505;2342,2;2023;Associés/autres;193;Europe;car;inconnu;46
7712;4,7;1410,7;2023;permanents;367;France;train;inconnu;1
7714;4,5;252,6;2023;permanents;367;France;train;inconnu;1
7715;53,5;248;2023;permanents;138;France;car;inconnu;1
7716;493;2187;2023;permanents;336;Europe;plane;etude_terrain;7
7717;611,8;3262,8;2023;doc_postdoc;177;Europe;plane;colloques;5
7719;679,8;3899;2023;doc_postdoc;177;Europe;plane;colloques;3
7720;611,8;3262,8;2023;doc_postdoc;177;Europe;plane;colloques;5
7721;131;607,6;2023;permanents;57;France;car;etude_terrain;29
7722;75,3;349,1;2023;permanents;238;France;car;colloques;4
7723;90,2;418,4;2023;permanents;238;France;car;autres;1
7724;7,8;36,1;2023;doc_postdoc;378;France;car;autres;3
7725;2,5;760;2023;externes;364;France;train;etude_terrain;4
7726;535,5;2856,1;2023;permanents;290;Europe;plane;colloques;6
7727;1143,1;6096,7;2023;externes;163;Europe;plane;etude_terrain;16
7728;627,4;3346;2023;Associés/autres;205;Europe;plane;colloques;5
7729;76,9;356,7;2023;permanents;216;France;car;etude_terrain;1
7730;45,4;210,4;2023;permanents;277;France;car;etude_terrain;1
7731;3,2;966,5;2023;externes;364;France;train;etude_terrain;5
7733;336,8;1302,4;2023;doc_postdoc;298;France;plane;etude_terrain;26
7734;52,7;244,2;2023;permanents;314;France;car;etude_terrain;1
7735;34,4;159,7;2023;doc_postdoc;140;France;car;etude_terrain;1
7736;443,6;2057,4;2023;doc_postdoc;140;France;car;etude_terrain;1
7737;42,8;198,7;2023;doc_postdoc;140;France;car;etude_terrain;1
7738;41,9;194,1;2023;doc_postdoc;140;France;car;etude_terrain;1
7739;529,9;2826,3;2023;permanents;100;Europe;plane;colloques;4
7740;235;908,9;2023;doc_postdoc;190;France;plane;autres;14
7741;5,8;322,2;2023;doc_postdoc;288;France;train;colloques;4
7742;4,7;1410,7;2023;permanents;251;France;train;inconnu;3
7743;143,8;667;2023;permanents;297;France;car;etude_terrain;1
7744;3,1;929,7;2023;externes;327;France;train;autres;5
7745;70,6;327,7;2023;permanents;131;France;car;etude_terrain;20
7746;491,8;1901,8;2023;permanents;294;Europe;plane;colloques;3
7747;62,2;288,3;2023;permanents;349;France;car;etude_terrain;1
7748;53,5;248;2023;permanents;138;France;car;inconnu;1
7749;5,3;1596,9;2023;permanents;296;France;train;autres;5
7751;2,8;862,6;2023;permanents;297;France;train;colloques;4
7752;627,4;3346;2023;doc_postdoc;89;Europe;plane;colloques;5
7753;84;389,4;2023;doc_postdoc;288;France;car;inconnu;1
7754;436,6;1688,2;2023;externes;265;Europe;plane;colloques;4
7755;237,7;1102,6;2023;permanents;72;France;car;etude_terrain;8
7756;2317,4;15246,3;2023;doc_postdoc;347;Afrique;plane;colloques;7
7757;192,7;894;2023;externes;295;Europe;car;colloques;2
7758;5,8;322,2;2023;doc_postdoc;176;France;train;colloques;4
7759;85,2;395,1;2023;permanents;317;France;car;etude_terrain;1
7760;354,5;1644,2;2023;permanents;83;France;car;autres;1
7761;3,7;1124,2;2023;permanents;83;France;train;colloques;5
7762;114,8;532,6;2023;permanents;43;France;car;inconnu;2
7763;2741,1;17734,2;2023;externes;225;Afrique;plane;inconnu;13
7764;75,3;349,1;2023;doc_postdoc;320;France;car;colloques;4
7765;482;2235,8;2023;doc_postdoc;64;Europe;car;etude_terrain;3
7766;482;2235,8;2023;doc_postdoc;64;Europe;car;etude_terrain;3
7767;2598;16826,5;2023;permanents;242;Afrique;plane;etude_terrain;11
7768;5,8;322,2;2023;doc_postdoc;211;France;train;colloques;1
7769;2670,3;17268,8;2023;permanents;242;Afrique;plane;inconnu;5
7770;45,1;209;2023;doc_postdoc;289;France;car;etude_terrain;1
7771;27;125,5;2023;doc_postdoc;289;France;car;etude_terrain;1
7772;54,1;250,8;2023;doc_postdoc;289;France;car;etude_terrain;1
7773;270,6;1255,1;2023;permanents;238;France;car;etude_terrain;9
7775;4;1209,6;2023;Associés/autres;78;France;train;etude_terrain;9
7776;4,7;1410,7;2023;permanents;251;France;train;autres;6
7777;270,6;1255,1;2023;externes;324;France;car;inconnu;9
7778;270,6;1255,1;2023;doc_postdoc;320;France;car;etude_terrain;9
7779;5,8;322,2;2023;doc_postdoc;27;France;train;colloques;3
7781;4,7;1417,3;2023;permanents;266;France;train;colloques;2
7784;34,1;158;2023;permanents;100;France;car;colloques;4
7785;163,5;758,6;2023;permanents;121;Europe;car;colloques;4
7786;87,6;406,3;2023;permanents;238;France;car;etude_terrain;1
7787;381,7;2035,6;2023;doc_postdoc;202;Europe;plane;colloques;7
7789;87,6;406,3;2023;permanents;191;France;car;etude_terrain;1
7790;4,7;1417,3;2023;doc_postdoc;311;France;train;colloques;4
7791;4,7;1417,3;2023;permanents;57;France;train;colloques;2
7792;34,9;2180,6;2023;doc_postdoc;309;Europe;train;etude_terrain;20
7793;75,3;349,1;2023;Associés/autres;66;France;car;colloques;3
7794;3,9;1195;2023;externes;41;France;train;colloques;1
7795;3276,9;20597,3;2023;permanents;336;Asie;plane;colloques;22
7796;2,8;862,6;2023;doc_postdoc;263;France;train;inconnu;3
7797;125,5;582,3;2023;permanents;242;France;car;etude_terrain;2
7799;70,6;327,7;2023;permanents;131;France;car;etude_terrain;1
7800;114,4;530,8;2023;permanents;83;France;car;etude_terrain;5
7801;3055,5;19079,2;2023;permanents;242;Afrique;plane;etude_terrain;17
7802;225,4;1045,3;2023;doc_postdoc;343;France;car;colloques;5
7803;1,7;508,6;2023;doc_postdoc;68;France;train;etude_terrain;1
7804;2262,8;14887;2023;externes;80;Afrique;plane;etude_terrain;17
7805;61;283;2023;permanents;131;France;car;colloques;1
7806;4,7;1417,3;2023;Associés/autres;198;France;train;colloques;3
7807;1,7;508,6;2023;permanents;62;France;train;etude_terrain;1
7808;109,8;509,2;2023;Associés/autres;199;France;car;inconnu;1
7809;105,1;487,3;2023;permanents;191;France;car;etude_terrain;3
7810;2774,6;17296,4;2023;doc_postdoc;271;Afrique;plane;inconnu;18
7811;2774,6;17296,4;2023;permanents;153;Afrique;plane;inconnu;18
7812;2774,6;17296,4;2023;externes;225;Afrique;plane;inconnu;18
7813;2262,8;14887;2023;permanents;87;Afrique;plane;etude_terrain;17
7814;86,5;401,3;2023;permanents;367;France;car;autres;1
7815;45,4;210,4;2023;permanents;277;France;car;etude_terrain;1
7816;1,7;510,4;2023;externes;21;France;train;colloques;3
7817;1,7;508,6;2023;doc_postdoc;289;France;train;etude_terrain;6
7818;386,2;1791,5;2023;doc_postdoc;298;France;car;inconnu;3
7819;3,1;798,7;2023;externes;8;France;train;colloques;4
7820;62,5;290;2023;doc_postdoc;246;France;car;autres;10
7821;336,5;1301,2;2023;permanents;242;France;plane;etude_terrain;1
7822;77;357,1;2023;permanents;266;France;car;autres;1
7823;169,7;787,2;2023;permanents;367;France;car;etude_terrain;2
7824;458;1771,2;2023;doc_postdoc;334;Europe;plane;colloques;3
7825;2262,8;14887;2023;externes;145;Afrique;plane;etude_terrain;14
7826;1,4;413,5;2023;externes;270;France;train;etude_terrain;2
7827;0;0;2023;externes;180;France;train;colloques;3
7828;103,9;482;2023;permanents;316;France;car;etude_terrain;2
7829;1,5;440,7;2023;externes;307;France;train;etude_terrain;4
7830;114,5;531,2;2023;permanents;83;France;car;etude_terrain;5
7831;461,1;1782,9;2023;externes;172;Europe;plane;inconnu;2
7832;143;663,1;2023;permanents;251;France;car;etude_terrain;6
7833;4,4;1339,7;2023;permanents;367;France;train;autres;3
7834;76,9;356,7;2023;permanents;238;France;car;etude_terrain;2
7835;353,1;1365,6;2023;permanents;227;France;plane;autres;2
7836;208,5;967;2023;externes;332;France;car;autres;8
7837;90,5;420;2023;doc_postdoc;222;France;car;etude_terrain;2
7838;31,6;146,7;2023;externes;128;Europe;car;inconnu;2
7839;90,5;420;2023;permanents;283;France;car;etude_terrain;1
7841;458;1771,2;2023;doc_postdoc;334;Europe;plane;colloques;3
10991;329,5;1528,2;2019;permanents;294;France;car;etude_terrain;6
11741;38,3;177,4;2019;doc_postdoc;28;France;car;inconnu;1
12324;38,3;177,4;2019;doc_postdoc;28;France;car;inconnu;1
12441;3082,8;21208,4;2019;permanents;187;Afrique;plane;etude_terrain;23
12720;29,9;138,6;2019;doc_postdoc;306;France;car;etude_terrain;2
12723;223,4;1036;2019;doc_postdoc;306;France;car;etude_terrain;12
12927;1764,8;11633,7;2019;externes;339;Amériques;plane;colloques;11
12929;6042,1;37404,1;2019;permanents;187;Afrique;plane;etude_terrain;27
13109;327,8;1269,7;2019;externes;373;France;plane;etude_terrain;10
13132;352,6;1365,6;2019;externes;373;France;plane;colloques;3
13311;352,6;1365,6;2019;permanents;294;France;plane;autres;3
13318;41,4;192,1;2019;doc_postdoc;28;France;car;inconnu;1
13324;175,7;814,9;2019;doc_postdoc;306;France;car;etude_terrain;6
13328;450,9;2091,3;2019;externes;170;France;car;colloques;5
13360;336,3;1302,4;2019;permanents;108;France;plane;colloques;3
13361;624,4;3337;2019;permanents;108;Europe;plane;colloques;8
13410;1,2;508,6;2019;doc_postdoc;218;France;train;autres;12
13430;463;1793,1;2019;Associés/autres;205;Europe;plane;autres;31
13614;449,3;2084;2019;doc_postdoc;9;Europe;car;autres;9
13702;156,9;727,6;2019;permanents;294;Europe;car;etude_terrain;3
13703;119,2;552,9;2019;permanents;294;France;car;autres;1
13901;466;2161,3;2019;doc_postdoc;28;France;car;autres;8
13902;384,6;1489,5;2019;permanents;108;France;plane;autres;2
13904;260,5;1208,5;2019;doc_postdoc;306;France;car;etude_terrain;7
13905;449,5;2402,4;2019;permanents;294;Europe;plane;etude_terrain;11
14119;157,5;730,4;2019;doc_postdoc;306;France;car;etude_terrain;5
14234;3,2;1410,7;2019;permanents;187;France;train;autres;8
14243;50,9;236,2;2019;doc_postdoc;28;France;car;etude_terrain;15
14292;571,9;3056,5;2019;doc_postdoc;288;Europe;plane;colloques;6
14360;446,4;2386;2019;externes;301;Europe;plane;colloques;4
14532;352,6;1365,6;2019;permanents;108;France;plane;autres;1
14535;446,4;2386;2019;permanents;294;Europe;plane;colloques;4
14563;429,6;1992,7;2019;externes;158;France;car;colloques;4
14657;768,3;3826;2019;externes;173;Europe;plane;colloques;9
14659;197,8;766,1;2019;externes;173;Europe;plane;autres;9
14962;352,6;1365,6;2019;doc_postdoc;28;France;plane;colloques;7
15017;150,9;700;2019;doc_postdoc;306;France;car;etude_terrain;4
15018;228,5;1060;2019;doc_postdoc;306;France;car;etude_terrain;13
15143;41,4;192,1;2019;doc_postdoc;28;France;car;etude_terrain;1
15338;157,5;730,4;2019;doc_postdoc;306;France;car;etude_terrain;5
15349;137,6;638,2;2019;doc_postdoc;218;France;car;colloques;6
15396;2516,5;15629,7;2019;permanents;108;Amériques;plane;autres;12
15425;75,3;349,1;2019;permanents;294;France;car;autres;3
15427;300,6;1373,5;2019;permanents;294;Europe;plane;colloques;4
15675;3301,4;20065,9;2019;doc_postdoc;67;Afrique;plane;etude_terrain;54
15721;157,5;730,4;2019;doc_postdoc;306;France;car;etude_terrain;6
15722;157,5;730,4;2019;doc_postdoc;306;France;car;etude_terrain;4
15824;352,6;1365,6;2019;permanents;294;France;plane;etude_terrain;3
16015;473,5;1867,8;2019;doc_postdoc;306;France;plane;colloques;4
23017;118,8;550,9;2023;permanents;294;France;car;autres;2
23100;447,4;2386;2022;permanents;294;Europe;plane;etude_terrain;5
23369;613,4;2375,5;2019;externes;377;Europe;plane;autres;2
23599;1354,4;6025,8;2019;externes;16;Europe;plane;autres;12
23651;334,8;1296,7;2019;externes;74;Europe;plane;autres;3
23698;9,7;1687,2;2019;externes;340;France;train;autres;5
23760;334,8;1296,7;2019;externes;348;Europe;plane;autres;2
23762;375,2;2005,2;2019;externes;344;Europe;plane;autres;2
23787;352,6;1365,6;2019;Associés/autres;254;France;plane;autres;3
23935;430,7;2302,1;2019;externes;111;Afrique;plane;colloques;4
23982;3,2;1410,7;2019;Associés/autres;308;France;train;autres;4
24075;75,3;349,1;2022;permanents;294;France;car;autres;1
24104;3453,1;21746,3;2022;permanents;187;Afrique;plane;etude_terrain;33
24148;352,6;1365,6;2019;externes;312;France;plane;autres;7
24187;3588,9;22593,5;2022;doc_postdoc;378;Afrique;plane;etude_terrain;75
24209;51,1;1985;2019;externes;54;France;train;colloques;3
24263;289,1;1119,6;2019;externes;362;France;plane;autres;2
24265;262,6;1217,9;2019;externes;99;France;car;autres;8
24286;5,2;2241,7;2019;externes;14;France;train;colloques;3
24316;327,8;1269,7;2019;externes;93;France;plane;autres;2
24349;6042,1;37404,1;2019;Associés/autres;308;Afrique;plane;etude_terrain;22
24371;5,8;322,2;2019;externes;156;Europe;train;autres;3
24390;381,7;2035,6;2022;permanents;294;Europe;plane;etude_terrain;8
24391;2,5;553,4;2022;permanents;294;France;train;autres;1
24405;644,1;2494,6;2019;externes;17;Europe;plane;autres;2
24406;614,5;3003,7;2019;externes;208;Europe;plane;autres;2
24441;2,1;916,3;2019;externes;132;France;train;autres;1
24500;334,8;1296,7;2019;externes;240;Europe;plane;autres;3
24577;352,6;1365,6;2019;externes;252;France;plane;autres;1
24640;5,3;294,8;2022;externes;88;France;train;inconnu;18
24743;139,2;645,7;2019;externes;44;France;car;autres;2
24794;352,6;1365,6;2019;externes;312;France;plane;autres;6
24796;1,8;767,1;2019;externes;188;France;train;autres;2
24872;461,1;1782,9;2022;externes;301;Europe;plane;colloques;4
24895;75,3;349,1;2022;permanents;294;France;car;autres;1
24916;626,4;2537,7;2019;externes;356;Europe;plane;autres;2
24917;3,2;1404,4;2019;externes;256;France;train;autres;2
24919;640,8;3472,8;2019;externes;376;Europe;plane;autres;3
24922;538,1;2084,1;2019;externes;129;Europe;plane;autres;5
24997;352,6;1365,6;2019;externes;94;France;plane;autres;3
25149;352,6;1365,6;2019;externes;233;France;plane;autres;2
25457;2831,2;17131,6;2022;doc_postdoc;378;Afrique;plane;colloques;18
25464;484,9;1966,7;2022;permanents;294;Europe;plane;etude_terrain;5
25684;7,9;2381,4;2022;permanents;138;France;train;etude_terrain;5
25941;4603,5;29328,6;2022;permanents;187;Afrique;plane;colloques;16
26101;1118,6;4325,4;2022;doc_postdoc;25;Europe;plane;colloques;8
26311;503,4;2970,7;2022;doc_postdoc;28;Europe;plane;colloques;5
26591;447,4;2386;2022;permanents;294;Europe;plane;etude_terrain;8
26592;75,3;349,1;2022;permanents;294;France;car;etude_terrain;1
26642;2927;18176,1;2023;permanents;187;Afrique;plane;etude_terrain;24
27075;447,4;2386;2022;permanents;294;Europe;plane;etude_terrain;8
27150;75,3;349,1;2022;permanents;294;France;car;etude_terrain;2
27692;118,8;550,9;2023;permanents;294;France;car;autres;1
27820;447,4;2386;2023;permanents;294;Europe;plane;etude_terrain;8
28434;353,1;1365,6;2022;externes;168;France;plane;etude_terrain;2
28435;353,1;1365,6;2022;externes;203;France;plane;etude_terrain;2
28436;209,3;809,4;2022;externes;243;France;plane;etude_terrain;3
28555;2922,2;17731,5;2022;externes;24;Afrique;plane;etude_terrain;9
28595;4,7;1410,7;2022;externes;286;France;train;autres;2
28715;319,3;1234,8;2023;permanents;36;Europe;plane;etude_terrain;6
28718;381,7;2035,6;2023;permanents;36;Europe;plane;inconnu;5
28782;292;1129;2023;permanents;36;Europe;plane;etude_terrain;2
28783;499,5;1931,4;2023;permanents;36;Europe;plane;inconnu;5
29002;461,1;1782,9;2022;externes;312;Europe;plane;colloques;4
29077;381,7;2035,6;2023;permanents;294;Europe;plane;etude_terrain;8
29078;353,1;1365,6;2023;permanents;294;France;plane;inconnu;2
29104;2932,3;18788,4;2023;permanents;187;Afrique;plane;etude_terrain;23
29302;353,1;1365,6;2023;permanents;294;France;plane;inconnu;3
29614;5,6;1705,3;2022;externes;365;France;train;autres;2
29618;463,7;1793,1;2022;externes;264;Europe;plane;autres;2
29640;274,2;1060,2;2023;permanents;36;France;plane;inconnu;1
29735;75,3;349,1;2023;permanents;294;France;car;inconnu;1
29755;353,1;1365,6;2022;externes;31;France;plane;autres;2
29822;282,7;1093;2023;permanents;36;France;plane;inconnu;1
29824;219;846,7;2023;permanents;36;France;plane;inconnu;1
30106;264,4;1022,4;2023;permanents;36;France;plane;inconnu;4
30107;27,2;126,1;2023;permanents;36;France;car;etude_terrain;5
30173;4,7;1410,7;2022;externes;106;France;train;autres;2
30196;6,2;1892,8;2022;externes;260;France;train;autres;4
30200;3,3;1009,9;2022;externes;280;France;train;autres;1
30203;353,1;1365,6;2022;externes;151;France;plane;autres;3
30240;3,3;1009,9;2022;externes;19;France;train;autres;5
30269;6,2;1892,8;2022;externes;63;France;train;autres;4
30429;447,4;2386;2023;permanents;294;Europe;plane;etude_terrain;8
30566;1,7;508,6;2022;externes;272;France;train;autres;2
30936;264,4;1022,4;2023;permanents;36;France;plane;etude_terrain;2
30937;316,6;1224,3;2023;permanents;36;France;plane;etude_terrain;22
31472;2932,3;18788,4;2023;permanents;187;Afrique;plane;etude_terrain;25
31623;1170,4;6242,1;2023;permanents;294;Afrique;plane;etude_terrain;10
31639;2922,2;17731,5;2023;externes;304;Afrique;plane;etude_terrain;9
31640;3535,8;21348,2;2023;externes;71;Afrique;plane;etude_terrain;14
31758;316,6;1224,3;2023;permanents;36;France;plane;etude_terrain;9
70810002;70,3;326,1;2022;externes;384;France;car;inconnu;3
70870002;322,1;1245,6;2022;externes;15;France;plane;inconnu;4
242082019;352,6;1365,6;2019;externes;407;France;plane;colloques;4
242082022;5087,5;32086,4;2022;doc_postdoc;202;Europe;plane;etude_terrain;11
0;0;0;0;externes;407;France;train;inconnu;600